age,mean_offset,offset_p,mean_granger_lag,granger_p
under20,-0.49557522123893805,0.05478,0.7361769352290679,0.00183
20to30,-2.056768558951965,0.0,1.251920122887865,1e-05
30to40,-0.19376391982182628,0.26967,0.3953125,0.06226
40to50,-0.9785522788203753,0.00218,0.9003322259136213,0.00011
over50,-2.815625,0.0,2.120754716981132,0.0
