gender,mean_offset,offset_p,mean_granger_lag,granger_p
female,1.6807909604519775,0.0,-1.0330672748004561,0.0
male,1.506276150627615,0.0,-1.184510250569476,0.0
