genre,mean_offset,p
Rock,1.6854395604395604,0.0
Rap,-0.8362760834670947,0.00089
Latin,2.480874316939891,0.0
Jazz,-0.4947916666666667,0.03626
Electronic,-0.24079754601226994,0.18186
Punk,0.2125748502994012,0.18726
Pop,1.6253561253561253,0.0
New Age,-1.028735632183908,0.02327
Metal,0.6,0.00978
RnB,0.27607361963190186,0.13768
Country,0.3237639553429027,0.11074
Reggae,-0.19595645412130638,0.22289
Folk,0.5432692307692307,0.02117
Blues,-1.0092764378478665,0.00014
World,-1.0988372093023255,9e-05
